{"cameraMode":{"drawMode":0,"name":"Shaded","section":"Shading Mode"},"sceneLighting":true,"audioPlay":false,"sceneViewState":{"showFog":true,"showMaterialUpdate":false,"showSkybox":true,"showFlares":true,"showImageEffects":true,"showParticleSystems":true,"showVisualEffectGraphs":true,"m_FxEnabled":true},"in2DMode":false,"pivot":{"x":-48.3261604309082,"y":0.7973974943161011,"z":-26.57971954345703},"rotation":{"x":0.0029672523960471155,"y":0.9769923090934753,"z":-0.21334925293922425,"w":0.012721676379442215},"size":0.4236578941345215,"orthographic":false}