{"cameraMode":{"drawMode":0,"name":"Shaded","section":"Shading Mode"},"sceneLighting":false,"audioPlay":false,"sceneViewState":{"m_AlwaysRefresh":false,"showFog":true,"showSkybox":false,"showFlares":true,"showImageEffects":true,"showParticleSystems":true,"showVisualEffectGraphs":true,"m_FxEnabled":true},"in2DMode":false,"pivot":{"x":400.64666748046877,"y":115.16999816894531,"z":-0.07000000029802323},"rotation":{"x":-0.29738345742225649,"y":-0.5745132565498352,"z":0.23543709516525269,"w":-0.7254309058189392},"size":0.9863876104354858,"orthographic":true}